{"cameraMode":{"drawMode":0,"name":"Shaded","section":"Shading Mode"},"sceneLighting":false,"audioPlay":false,"sceneViewState":{"m_AlwaysRefresh":false,"showFog":true,"showSkybox":false,"showFlares":true,"showImageEffects":true,"showParticleSystems":true,"showVisualEffectGraphs":true,"m_FxEnabled":true},"in2DMode":false,"pivot":{"x":0.39092254638671877,"y":1.9999496936798096,"z":4.331854820251465},"rotation":{"x":0.15346550941467286,"y":-0.09587007015943527,"z":0.015015027485787869,"w":0.9834149479866028},"size":4.384495258331299,"orthographic":false}